qae101@yopmail.com,User@123,,,,,qae,101,yopmail.com
qae102@yopmail.com,User@123,,,,,qae,102,yopmail.com
qae103@yopmail.com,User@123,,,,,qae,103,yopmail.com
qae104@yopmail.com,User@123,,,,,qae,104,yopmail.com
qae105@yopmail.com,User@123,,,,,qae,105,yopmail.com
qae106@yopmail.com,User@123,,,,,qae,106,yopmail.com
qae107@yopmail.com,User@123,,,,,qae,107,yopmail.com
qae108@yopmail.com,User@123,,,,,qae,108,yopmail.com
qae109@yopmail.com,User@123,,,,,qae,109,yopmail.com
qae110@yopmail.com,User@123,,,,,qae,110,yopmail.com
qae111@yopmail.com,User@123,,,,,qae,111,yopmail.com
qae112@yopmail.com,User@123,,,,,qae,112,yopmail.com
qae113@yopmail.com,User@123,,,,,qae,113,yopmail.com
qae114@yopmail.com,User@123,,,,,qae,114,yopmail.com
qae115@yopmail.com,User@123,,,,,qae,115,yopmail.com
qae116@yopmail.com,User@123,,,,,qae,116,yopmail.com
qae117@yopmail.com,User@123,,,,,qae,117,yopmail.com
qae118@yopmail.com,User@123,,,,,qae,118,yopmail.com
qae119@yopmail.com,User@123,,,,,qae,119,yopmail.com
qae120@yopmail.com,User@123,,,,,qae,120,yopmail.com
qae121@yopmail.com,Akeo@1234,,,,,qae,121,yopmail.com
qae122@yopmail.com,Akeo@1234,,,,,qae,122,yopmail.com
qae123@yopmail.com,Akeo@1234,,,,,qae,123,yopmail.com
qae124@yopmail.com,Akeo@1234,,,,,qae,124,yopmail.com
qae125@yopmail.com,Akeo@1234,,,,,qae,125,yopmail.com
qae126@yopmail.com,Akeo@1234,,,,,qae,126,yopmail.com
qae127@yopmail.com,Akeo@1234,,,,,qae,127,yopmail.com
qae128@yopmail.com,Akeo@1234,,,,,qae,128,yopmail.com
qae129@yopmail.com,Akeo@1234,,,,,qae,129,yopmail.com
qae130@yopmail.com,Akeo@1234,,,,,qae,130,yopmail.com
qae131@yopmail.com,Akeo@1234,,,,,qae,131,yopmail.com
qae132@yopmail.com,Akeo@1234,,,,,qae,132,yopmail.com
qae133@yopmail.com,Akeo@1234,,,,,qae,133,yopmail.com
qae134@yopmail.com,Akeo@1234,,,,,qae,134,yopmail.com
qae135@yopmail.com,Akeo@1234,,,,,qae,135,yopmail.com
qae136@yopmail.com,Akeo@1234,,,,,qae,136,yopmail.com
qae137@yopmail.com,Akeo@1234,,,,,qae,137,yopmail.com
qae138@yopmail.com,Akeo@1234,,,,,qae,138,yopmail.com
qae139@yopmail.com,Akeo@1234,,,,,qae,139,yopmail.com
qae140@yopmail.com,Akeo@1234,,,,,qae,140,yopmail.com
qae141@yopmail.com,Akeo@1234,,,,,qae,141,yopmail.com
qae142@yopmail.com,Akeo@1234,,,,,qae,142,yopmail.com
qae143@yopmail.com,Akeo@1234,,,,,qae,143,yopmail.com
qae144@yopmail.com,Akeo@1234,,,,,qae,144,yopmail.com
qae145@yopmail.com,Akeo@1234,,,,,qae,145,yopmail.com
qae146@yopmail.com,Akeo@1234,,,,,qae,146,yopmail.com
qae147@yopmail.com,Akeo@1234,,,,,qae,147,yopmail.com
qae148@yopmail.com,Akeo@1234,,,,,qae,148,yopmail.com
qae149@yopmail.com,Akeo@1234,,,,,qae,149,yopmail.com
qae150@yopmail.com,Akeo@1234,,,,,qae,150,yopmail.com
qae151@yopmail.com,Akeo@1234,,,,,qae,151,yopmail.com
qae152@yopmail.com,Akeo@1234,,,,,qae,152,yopmail.com
qae153@yopmail.com,Akeo@1234,,,,,qae,153,yopmail.com
qae154@yopmail.com,Akeo@1234,,,,,qae,154,yopmail.com
qae155@yopmail.com,Akeo@1234,,,,,qae,155,yopmail.com
qae156@yopmail.com,Akeo@1234,,,,,qae,156,yopmail.com
qae157@yopmail.com,Akeo@1234,,,,,qae,157,yopmail.com
qae158@yopmail.com,Akeo@1234,,,,,qae,158,yopmail.com
qae159@yopmail.com,Akeo@1234,,,,,qae,159,yopmail.com
qae160@yopmail.com,Akeo@1234,,,,,qae,160,yopmail.com
qae161@yopmail.com,Akeo@1234,,,,,qae,161,yopmail.com
qae162@yopmail.com,Akeo@1234,,,,,qae,162,yopmail.com
qae163@yopmail.com,Akeo@1234,,,,,qae,163,yopmail.com
qae164@yopmail.com,Akeo@1234,,,,,qae,164,yopmail.com
qae165@yopmail.com,Akeo@1234,,,,,qae,165,yopmail.com
qae166@yopmail.com,Akeo@1234,,,,,qae,166,yopmail.com
qae167@yopmail.com,Akeo@1234,,,,,qae,167,yopmail.com
qae168@yopmail.com,Akeo@1234,,,,,qae,168,yopmail.com
qae169@yopmail.com,Akeo@1234,,,,,qae,169,yopmail.com
qae170@yopmail.com,Akeo@1234,,,,,qae,170,yopmail.com
qae171@yopmail.com,Akeo@1234,,,,,qae,171,yopmail.com
qae172@yopmail.com,Akeo@1234,,,,,qae,172,yopmail.com
qae173@yopmail.com,Akeo@1234,,,,,qae,173,yopmail.com
qae174@yopmail.com,Akeo@1234,,,,,qae,174,yopmail.com
qae175@yopmail.com,Akeo@1234,,,,,qae,175,yopmail.com
qae176@yopmail.com,Akeo@1234,,,,,qae,176,yopmail.com
qae177@yopmail.com,Akeo@1234,,,,,qae,177,yopmail.com
qae178@yopmail.com,Akeo@1234,,,,,qae,178,yopmail.com
qae179@yopmail.com,Akeo@1234,,,,,qae,179,yopmail.com
qae180@yopmail.com,Akeo@1234,,,,,qae,180,yopmail.com
qae181@yopmail.com,Akeo@1234,,,,,qae,181,yopmail.com
qae182@yopmail.com,Akeo@1234,,,,,qae,182,yopmail.com
qae183@yopmail.com,Akeo@1234,,,,,qae,183,yopmail.com
qae184@yopmail.com,Akeo@1234,,,,,qae,184,yopmail.com
qae185@yopmail.com,Akeo@1234,,,,,qae,185,yopmail.com
qae186@yopmail.com,Akeo@1234,,,,,qae,186,yopmail.com
qae187@yopmail.com,Akeo@1234,,,,,qae,187,yopmail.com
qae188@yopmail.com,Akeo@1234,,,,,qae,188,yopmail.com
qae189@yopmail.com,Akeo@1234,,,,,qae,189,yopmail.com
qae190@yopmail.com,Akeo@1234,,,,,qae,190,yopmail.com
qae191@yopmail.com,Akeo@1234,,,,,qae,191,yopmail.com
qae192@yopmail.com,Akeo@1234,,,,,qae,192,yopmail.com
qae193@yopmail.com,Akeo@1234,,,,,qae,193,yopmail.com
qae194@yopmail.com,Akeo@1234,,,,,qae,194,yopmail.com
qae195@yopmail.com,Akeo@1234,,,,,qae,195,yopmail.com
qae196@yopmail.com,Akeo@1234,,,,,qae,196,yopmail.com
qae197@yopmail.com,Akeo@1234,,,,,qae,197,yopmail.com
qae198@yopmail.com,Akeo@1234,,,,,qae,198,yopmail.com
qae199@yopmail.com,Akeo@1234,,,,,qae,199,yopmail.com
qae200@yopmail.com,Akeo@1234,,,,,qae,200,yopmail.com
qae201@yopmail.com,Akeo@1234,,,,,qae,201,yopmail.com
qae202@yopmail.com,Akeo@1234,,,,,qae,202,yopmail.com
qae203@yopmail.com,Akeo@1234,,,,,qae,203,yopmail.com
qae204@yopmail.com,Akeo@1234,,,,,qae,204,yopmail.com
qae205@yopmail.com,Akeo@1234,,,,,qae,205,yopmail.com
qae206@yopmail.com,Akeo@1234,,,,,qae,206,yopmail.com
qae207@yopmail.com,Akeo@1234,,,,,qae,207,yopmail.com
qae208@yopmail.com,Akeo@1234,,,,,qae,208,yopmail.com
qae209@yopmail.com,Akeo@1234,,,,,qae,209,yopmail.com
qae210@yopmail.com,Akeo@1234,,,,,qae,210,yopmail.com
qae211@yopmail.com,Akeo@1234,,,,,qae,211,yopmail.com
qae212@yopmail.com,Akeo@1234,,,,,qae,212,yopmail.com
qae213@yopmail.com,Akeo@1234,,,,,qae,213,yopmail.com
qae214@yopmail.com,Akeo@1234,,,,,qae,214,yopmail.com
qae215@yopmail.com,Akeo@1234,,,,,qae,215,yopmail.com
qae216@yopmail.com,Akeo@1234,,,,,qae,216,yopmail.com
qae217@yopmail.com,Akeo@1234,,,,,qae,217,yopmail.com
qae218@yopmail.com,Akeo@1234,,,,,qae,218,yopmail.com
qae219@yopmail.com,Akeo@1234,,,,,qae,219,yopmail.com
qae220@yopmail.com,Akeo@1234,,,,,qae,220,yopmail.com
qae221@yopmail.com,Akeo@1234,,,,,qae,221,yopmail.com
qae222@yopmail.com,Akeo@1234,,,,,qae,222,yopmail.com
qae223@yopmail.com,Akeo@1234,,,,,qae,223,yopmail.com
qae224@yopmail.com,Akeo@1234,,,,,qae,224,yopmail.com
qae225@yopmail.com,Akeo@1234,,,,,qae,225,yopmail.com
qae226@yopmail.com,Akeo@1234,,,,,qae,226,yopmail.com
qae227@yopmail.com,Akeo@1234,,,,,qae,227,yopmail.com
qae228@yopmail.com,Akeo@1234,,,,,qae,228,yopmail.com
qae229@yopmail.com,Akeo@1234,,,,,qae,229,yopmail.com
qae230@yopmail.com,Akeo@1234,,,,,qae,230,yopmail.com
qae231@yopmail.com,Akeo@1234,,,,,qae,231,yopmail.com
qae232@yopmail.com,Akeo@1234,,,,,qae,232,yopmail.com
qae233@yopmail.com,Akeo@1234,,,,,qae,233,yopmail.com
qae234@yopmail.com,Akeo@1234,,,,,qae,234,yopmail.com
qae235@yopmail.com,Akeo@1234,,,,,qae,235,yopmail.com
qae236@yopmail.com,Akeo@1234,,,,,qae,236,yopmail.com
qae237@yopmail.com,Akeo@1234,,,,,qae,237,yopmail.com
qae238@yopmail.com,Akeo@1234,,,,,qae,238,yopmail.com
qae239@yopmail.com,Akeo@1234,,,,,qae,239,yopmail.com
qae240@yopmail.com,Akeo@1234,,,,,qae,240,yopmail.com
qae241@yopmail.com,Akeo@1234,,,,,qae,241,yopmail.com
qae242@yopmail.com,Akeo@1234,,,,,qae,242,yopmail.com
qae243@yopmail.com,Akeo@1234,,,,,qae,243,yopmail.com
qae244@yopmail.com,Akeo@1234,,,,,qae,244,yopmail.com
qae245@yopmail.com,Akeo@1234,,,,,qae,245,yopmail.com
qae246@yopmail.com,Akeo@1234,,,,,qae,246,yopmail.com
qae247@yopmail.com,Akeo@1234,,,,,qae,247,yopmail.com
qae248@yopmail.com,Akeo@1234,,,,,qae,248,yopmail.com
qae249@yopmail.com,Akeo@1234,,,,,qae,249,yopmail.com
qae250@yopmail.com,Akeo@1234,,,,,qae,250,yopmail.com
qae251@yopmail.com,Akeo@1234,,,,,qae,251,yopmail.com
qae252@yopmail.com,Akeo@1234,,,,,qae,252,yopmail.com
qae253@yopmail.com,Akeo@1234,,,,,qae,253,yopmail.com
qae254@yopmail.com,Akeo@1234,,,,,qae,254,yopmail.com
qae255@yopmail.com,Akeo@1234,,,,,qae,255,yopmail.com
qae256@yopmail.com,Akeo@1234,,,,,qae,256,yopmail.com
qae257@yopmail.com,Akeo@1234,,,,,qae,257,yopmail.com
qae258@yopmail.com,Akeo@1234,,,,,qae,258,yopmail.com
qae259@yopmail.com,Akeo@1234,,,,,qae,259,yopmail.com
qae260@yopmail.com,Akeo@1234,,,,,qae,260,yopmail.com
qae261@yopmail.com,Akeo@1234,,,,,qae,261,yopmail.com
qae262@yopmail.com,Akeo@1234,,,,,qae,262,yopmail.com
qae263@yopmail.com,Akeo@1234,,,,,qae,263,yopmail.com
qae264@yopmail.com,Akeo@1234,,,,,qae,264,yopmail.com
qae265@yopmail.com,Akeo@1234,,,,,qae,265,yopmail.com
qae266@yopmail.com,Akeo@1234,,,,,qae,266,yopmail.com
qae267@yopmail.com,Akeo@1234,,,,,qae,267,yopmail.com
qae268@yopmail.com,Akeo@1234,,,,,qae,268,yopmail.com
qae269@yopmail.com,Akeo@1234,,,,,qae,269,yopmail.com
qae270@yopmail.com,Akeo@1234,,,,,qae,270,yopmail.com
qae271@yopmail.com,Akeo@1234,,,,,qae,271,yopmail.com
qae272@yopmail.com,Akeo@1234,,,,,qae,272,yopmail.com
qae273@yopmail.com,Akeo@1234,,,,,qae,273,yopmail.com
qae274@yopmail.com,Akeo@1234,,,,,qae,274,yopmail.com
qae275@yopmail.com,Akeo@1234,,,,,qae,275,yopmail.com
qae276@yopmail.com,Akeo@1234,,,,,qae,276,yopmail.com
qae277@yopmail.com,Akeo@1234,,,,,qae,277,yopmail.com
qae278@yopmail.com,Akeo@1234,,,,,qae,278,yopmail.com
qae279@yopmail.com,Akeo@1234,,,,,qae,279,yopmail.com
qae280@yopmail.com,Akeo@1234,,,,,qae,280,yopmail.com
qae281@yopmail.com,Akeo@1234,,,,,qae,281,yopmail.com
qae282@yopmail.com,Akeo@1234,,,,,qae,282,yopmail.com
qae283@yopmail.com,Akeo@1234,,,,,qae,283,yopmail.com
qae284@yopmail.com,Akeo@1234,,,,,qae,284,yopmail.com
qae285@yopmail.com,Akeo@1234,,,,,qae,285,yopmail.com
qae286@yopmail.com,Akeo@1234,,,,,qae,286,yopmail.com
qae287@yopmail.com,Akeo@1234,,,,,qae,287,yopmail.com
qae288@yopmail.com,Akeo@1234,,,,,qae,288,yopmail.com
qae289@yopmail.com,Akeo@1234,,,,,qae,289,yopmail.com
qae290@yopmail.com,Akeo@1234,,,,,qae,290,yopmail.com
qae291@yopmail.com,Akeo@1234,,,,,qae,291,yopmail.com
qae292@yopmail.com,Akeo@1234,,,,,qae,292,yopmail.com
qae293@yopmail.com,Akeo@1234,,,,,qae,293,yopmail.com
qae294@yopmail.com,Akeo@1234,,,,,qae,294,yopmail.com
qae295@yopmail.com,Akeo@1234,,,,,qae,295,yopmail.com
qae296@yopmail.com,Akeo@1234,,,,,qae,296,yopmail.com
qae297@yopmail.com,Akeo@1234,,,,,qae,297,yopmail.com
qae298@yopmail.com,Akeo@1234,,,,,qae,298,yopmail.com
qae299@yopmail.com,Akeo@1234,,,,,qae,299,yopmail.com
qae300@yopmail.com,Akeo@1234,,,,,qae,300,yopmail.com
